Workbook

Sheet PROVENANCE
A1: STRUCTURAL TYPOLOGY | Prediction Ledger | v1.0
A2: File name | B2: ST_Prediction_Ledger_v1.xlsx
A3: Build stage | B3: Block 1 / File 5 | Verification and calibration layer. Final file in the Block 1 build sequence.
A4: File purpose | B4: Maintains the sealed, timestamped record of all predictions made at Step 3 and their verified outcomes. Serves three simultaneous functions: (1) commercial credibility mechanism — sealed predictions with documented verification outcomes are the primary trust signal for institutional clients; (2) calibration data source — verified outcomes feed BASE_RATES in ST_Transition_Rate_Engine_v1.xlsx after N>=5 cases per function type; (3) model accuracy tracking — ACCURACY_DASHBOARD produces the quantitative accuracy record that answers the question 'who audited your formulas?'
A5: Three prediction types per deal | B5: Prediction 1: First signal — specific signal code + observation context + week window. Prediction 2: Transition rate — central months + confidence band. Prediction 3: Departure window — TR central + 6 months (minimum window for key departure risk).
A6: Verification checkpoints | B6: Month 6 and Month 12 post-close. Both checkpoints required for a case to be counted as fully verified.
A7: Calibration trigger | B7: After N=5 verified cases for a given dominant function: compute running average of actual observed transition times. Update BASE_RATES in ST_Transition_Rate_Engine_v1.xlsx with calibrated average. Record update in CALIBRATION_LOG sheet of this file. After N=10 verified cases: narrow confidence band from [x0.75, x1.25] to [x0.85, x1.15] for that function type row in CALC_OUTPUT.
A8: Immutability rule | B8: LEDGER and SEALED_PREDICTIONS sheets are append-only. No row may be deleted or modified after status = SEALED. If a prediction was wrong: document the actual outcome in VERIFICATION_LOG. Do not alter the original prediction. The ledger value is in its completeness, including errors.
A9: Upstream inputs | B9: ST_Transition_Rate_Engine_v1.xlsx PREDICTION_REGISTER: sealed predictions (copied here at seal time). Client engagement data at Month 6 and Month 12 verification checkpoints.
A10: Downstream consumers | B10: ST_Transition_Rate_Engine_v1.xlsx BASE_RATES: calibration updates after N>=5. Commercial presentations: ACCURACY_DASHBOARD is the primary institutional credibility exhibit.
A11: Authority level | B11: Level 3 additive. This file does not override any theoretical corpus file.
A12: Audit status | B12: ACTIVE — append entries for every sealed prediction. This file grows with each engagement.
A13: Version | B13: 1.0 | April 2026

Sheet SEALED_PREDICTIONS
A1: SEALED PREDICTIONS | Append-only | Copied from ST_Transition_Rate_Engine_v1.xlsx PREDICTION_REGISTER at seal time | v3.1: extended with evidence-confidence stamp columns 11-15 (per Phase 3 brief)
A2: IMMUTABILITY RULE: no row may be deleted or modified after Status = SEALED. Copy predictions from ST_Transition_Rate_Engine_v1.xlsx PREDICTION_REGISTER at seal time. v3.1: ALSO copy evidence-confidence stamp at seal time (columns 11-15) — these capture the Layer 3 Confidence Gate verdict and supporting evidence-quality metrics at the moment of sealing. Per Phase 3 brief: "each prediction carries the evidence-confidence stamp at issue time" — this is what makes the Eli Lilly / Ventyx sealed prediction and all future sealed predictions forward-verifiable on TWO axes: (a) was the prediction correct? (b) was the confidence assignment well-calibrated?
A3: Deal ID | B3: ECS Pair (acq x tgt) | C3: Primary Actor Type | D3: Dom. Function | E3: Prediction 1 (First signal — code + context + week window) | F3: Prediction 2 (Transition rate — central + CB range) | G3: Prediction 3 (Departure window) | H3: Falsification condition (what would falsify Prediction 2) | I3: Sealed (timestamp) | J3: Status | K3: confidence_at_seal (high / medium / low / cannot_determine) | L3: evidence_quality_at_seal (% direct-observation share) | M3: reliability_flag_rate_at_seal (% of answers with any flag) | N3: confidence_gate_verdict_at_seal (5/5, 4/5, 3/5, 2/5, 1/5, 0/5) | O3: contradiction_count_at_seal (open Contradiction records at seal)
A4: DEAL-001 | B4: NT/STJ x SFJ/SFP | C4: INTJ | D4: Ni1 | E4: J-05 (Selective topic avoidance) in strategic meetings — expected weeks 6-10 post-close | F4: Transition NATURAL->FUNCTIONAL expected in 13.5–22.5 months (central: 18.0 months) | G4: Key departure window: months 19-30 post-close (central TR 18 months + 6) | H4: If J-05 absent by week 12: PM over-estimated for Ni1 in this environment class — reduce baseline multiplier | I4: 2026-04-20 09:00 | J4: SEALED | K4: high | L4: 72% | M4: 12% | N4: 5/5 | O4: 0
A5: [EXAMPLE ROW ABOVE — replace with actual sealed predictions. Add one row per deal. v3.1: columns 11-15 are evidence-confidence stamp at seal time — capture before sealing.]

Sheet VERIFICATION_LOG
A1: VERIFICATION LOG | Month 6 and Month 12 outcomes | One row per prediction per checkpoint | v3.1: column 14 recalls confidence_at_seal for confidence-calibration analysis
A2: For each sealed prediction: enter a verification row at Month 6 AND Month 12 post-close. Outcome codes: CONFIRMED (prediction correct within CB), PARTIAL (direction correct, magnitude off), FALSIFIED (prediction wrong), PENDING (window not yet reached). v3.1: column 14 recalls the confidence_at_seal value from SEALED_PREDICTIONS col 11 — enables the calibration analysis "do high-confidence predictions actually verify better than low-confidence predictions?" This is the methodology's self-correction mechanism: if low-confidence predictions verify at the same rate as high-confidence ones, the Confidence Gate criteria need recalibration.
A3: Deal ID | B3: Dom. Function | C3: ECS Pair | D3: Checkpoint (Month 6 / 12) | E3: Prediction # (1, 2, or 3) | F3: Prediction (verbatim from Ledger) | G3: Actual outcome (what was observed) | H3: Outcome code | I3: Deviation (if applicable) | J3: Actual TR (months, if P2) | K3: Predicted TR (months, if P2) | L3: Error direction (PM too high / low / correct) | M3: Notes / context | N3: confidence_at_seal (recalled from SEALED_PREDICTIONS col 11)
A4: DEAL-001 | B4: Ni1 | C4: NT/STJ x SFJ/SFP | D4: Month 6 | E4: 2 | F4: Transition NATURAL->FUNCTIONAL in 13.5-22.5 months (central: 18) | G4: INTJ lead stopped initiating forward agenda items by week 8. No formal category transition observed yet (expected mo 14-23). | H4: CONFIRMED | I4: Within CB — transition not yet due | J4: — | K4: 18.0 | L4: PM correct — within expected window | M4: J-05 signal confirmed week 8. On track. | N4: high
A5: [EXAMPLE ROW — replace with actual verification entries. Add one row per prediction per checkpoint. v3.1: column 14 (confidence_at_seal) recalled from SEALED_PREDICTIONS col 11 — enables analysis of whether high-confidence predictions verify better than low-confidence predictions.]

Sheet CALIBRATION_LOG
A1: CALIBRATION LOG | Running averages per dominant function | Feeds BASE_RATES in ST_Transition_Rate_Engine_v1.xlsx
A2: After each CONFIRMED or PARTIAL Prediction 2 outcome: add a row to this log. When N_confirmed reaches 5 for any function-transition pair: compute running average and update the corresponding cell in ST_Transition_Rate_Engine_v1.xlsx BASE_RATES. Mark UPDATE_APPLIED = YES. When N_confirmed reaches 10: also narrow the CB band in CALC_OUTPUT from [x0.75,x1.25] to [x0.85,x1.15].
A3: Dom. Function | B3: Transition Category | C3: Deal ID | D3: Predicted TR (months) | E3: Actual TR (months) | F3: Error (actual-predicted) | G3: N confirmed (running) | H3: Running avg (actual TR) | I3: Update applied to BASE_RATES
A4: CALIBRATION STATUS TABLE | N counter per function x transition | Update N after each CONFIRMED verification
A5: Dom. Function | B5: NAT->FUNC N confirmed | C5: NAT->FUNC Current avg | D5: FUNC->STRESS N confirmed | E5: FUNC->STRESS Current avg | F5: STRESS->RISK N confirmed | G5: STRESS->RISK Current avg | H5: RISK->TOXIC N confirmed | I5: RISK->TOXIC Current avg
A6: Ni1 | B6: 0 | C6: — | D6: 0 | E6: — | F6: 0 | G6: — | H6: 0 | I6: —
A7: Te1 | B7: 0 | C7: — | D7: 0 | E7: — | F7: 0 | G7: — | H7: 0 | I7: —
A8: Ti1 | B8: 0 | C8: — | D8: 0 | E8: — | F8: 0 | G8: — | H8: 0 | I8: —
A9: Ne1 | B9: 0 | C9: — | D9: 0 | E9: — | F9: 0 | G9: — | H9: 0 | I9: —
A10: Fe1 | B10: 0 | C10: — | D10: 0 | E10: — | F10: 0 | G10: — | H10: 0 | I10: —
A11: Se1 | B11: 0 | C11: — | D11: 0 | E11: — | F11: 0 | G11: — | H11: 0 | I11: —
A12: Si1 | B12: 0 | C12: — | D12: 0 | E12: — | F12: 0 | G12: — | H12: 0 | I12: —
A13: Fi1 | B13: 0 | C13: — | D13: 0 | E13: — | F13: 0 | G13: — | H13: 0 | I13: —
A14: CALIBRATION ACTIONS | Triggered by N counter in status table
A15: When N=5 for any cell | B15: 1. Filter CALIBRATION_LOG for that function + transition combination. 2. Compute average of Actual TR column. 3. Open ST_Transition_Rate_Engine_v1.xlsx BASE_RATES. 4. Replace the yellow prior value with the computed average. Change cell background to green. 5. Enter YES in Update_Applied column of this log for all contributing rows. 6. Update N counter in STATUS TABLE above.
A16: When N=10 for any cell | B16: All N=5 actions apply, plus: open ST_Transition_Rate_Engine_v1.xlsx CALC_OUTPUT. For each actor row where Dom.Function matches: update CB Lower formula from x0.75 to x0.85 and CB Upper from x1.25 to x1.15. Document the update here with date and deal IDs used.
A17: When N=3 with all FALSIFIED outcomes | B17: Methodology review required before further use of that function-transition pair. Flag in ACCURACY_DASHBOARD. Do not update BASE_RATES until falsification pattern is diagnosed. Common cause: baseline pressure assumption [2,2,2,2,2] may be miscalibrated for this environment class.
A18: CALIBRATION ENTRIES | One row per CONFIRMED or PARTIAL Prediction 2 outcome
A19: Dom. Function | B19: Transition Category | C19: Deal ID | D19: Predicted TR (months) | E19: Actual TR (months) | F19: Error (actual-predicted) | G19: N (running) | H19: Running avg (actual TR) | I19: Update applied?
A20: Ni1 | B20: NATURAL->FUNCTIONAL | C20: DEAL-001 | D20: 18 | E20: — | F20: — | G20: 1 | H20: — | I20: NO
A21: [EXAMPLE ROW — add rows as verification outcomes are confirmed. Pending actual TR stays — until Month 12 confirmed.]

Sheet ACCURACY_DASHBOARD
A1: ACCURACY DASHBOARD | Commercial credibility exhibit | Update after each verification checkpoint
A2: This sheet is the primary institutional credibility exhibit. It answers the question: how accurate are the predictions? Share with institutional clients and investors as evidence of model validity. All figures in this sheet derive from VERIFICATION_LOG — never hardcode.
A3: OVERALL PREDICTION ACCURACY | All predictions, all checkpoints
A4: Total sealed predictions | B4: =COUNTA(SEALED_PREDICTIONS!A4:A1000)-COUNTIF(SEALED_PREDICTIONS!A4:A1000,"[EXAMPLE*") -> 1 | E4: Enter manually after verification rounds
A5: Total verified predictions | B5: =COUNTIF(VERIFICATION_LOG!H4:H503,"CONFIRMED")+COUNTIF(VERIFICATION_LOG!H4:H503,"PARTIAL")+COUNTIF(VERIFICATION_LOG!H4:H503,"FALSIFIED")+COUNTIF(VERIFICATION_LOG!H4:H503,"INSUFFICIENT_DATA") -> 1 | E5: Auto-calculated from VERIFICATION_LOG col H (excludes PENDING rows)
A6: Prediction 1 accuracy (first signal) | B6: =IF((COUNTIFS(VERIFICATION_LOG!E4:E503,"1",VERIFICATION_LOG!H4:H503,"CONFIRMED")+COUNTIFS(VERIFICATION_LOG!E4:E503,"1",VERIFICATION_LOG!H4:H503,"PARTIAL")+COUNTIFS(VERIFICATION_LOG!E4:E503,"1",VERIFICATION_LOG!H4:H503,"FALSIFIED"))=0,"—",ROUND((COUNTIFS(VERIFICATION_LOG!E4:E503,"1",VERIFICATION_LOG!H4:H503,"CONFIRMED")+COUNTIFS(VERIFICATION_LOG!E4:E503,"1",VERIFICATION_LOG!H4:H503,"PARTIAL"))/(COUNTIFS(VERIFICATION_LOG!E4:E503,"1",VERIFICATION_LOG!H4:H503,"CONFIRMED")+COUNTIFS(VERIFICATION_LOG!E4:E503,"1",VERIFICATION_LOG!H4:H503,"PARTIAL")+COUNTIFS(VERIFICATION_LOG!E4:E503,"1",VERIFICATION_LOG!H4:H503,"FALSIFIED"))*100,1)&"%") -> — | E6: CONFIRMED+PARTIAL / (CONFIRMED+PARTIAL+FALSIFIED) for Prediction 1 rows
A7: Prediction 2 accuracy (transition rate) | B7: =IF((COUNTIFS(VERIFICATION_LOG!E4:E503,"2",VERIFICATION_LOG!H4:H503,"CONFIRMED")+COUNTIFS(VERIFICATION_LOG!E4:E503,"2",VERIFICATION_LOG!H4:H503,"PARTIAL")+COUNTIFS(VERIFICATION_LOG!E4:E503,"2",VERIFICATION_LOG!H4:H503,"FALSIFIED"))=0,"—",ROUND(COUNTIFS(VERIFICATION_LOG!E4:E503,"2",VERIFICATION_LOG!H4:H503,"CONFIRMED")/(COUNTIFS(VERIFICATION_LOG!E4:E503,"2",VERIFICATION_LOG!H4:H503,"CONFIRMED")+COUNTIFS(VERIFICATION_LOG!E4:E503,"2",VERIFICATION_LOG!H4:H503,"PARTIAL")+COUNTIFS(VERIFICATION_LOG!E4:E503,"2",VERIFICATION_LOG!H4:H503,"FALSIFIED"))*100,1)&"%") -> 100% | E7: CONFIRMED within CB / (CONFIRMED+PARTIAL+FALSIFIED) for Prediction 2 rows — CB accuracy measure
A8: Prediction 3 accuracy (departure window) | B8: =IF((COUNTIFS(VERIFICATION_LOG!E4:E503,"3",VERIFICATION_LOG!H4:H503,"CONFIRMED")+COUNTIFS(VERIFICATION_LOG!E4:E503,"3",VERIFICATION_LOG!H4:H503,"PARTIAL")+COUNTIFS(VERIFICATION_LOG!E4:E503,"3",VERIFICATION_LOG!H4:H503,"FALSIFIED"))=0,"—",ROUND((COUNTIFS(VERIFICATION_LOG!E4:E503,"3",VERIFICATION_LOG!H4:H503,"CONFIRMED")+COUNTIFS(VERIFICATION_LOG!E4:E503,"3",VERIFICATION_LOG!H4:H503,"PARTIAL"))/(COUNTIFS(VERIFICATION_LOG!E4:E503,"3",VERIFICATION_LOG!H4:H503,"CONFIRMED")+COUNTIFS(VERIFICATION_LOG!E4:E503,"3",VERIFICATION_LOG!H4:H503,"PARTIAL")+COUNTIFS(VERIFICATION_LOG!E4:E503,"3",VERIFICATION_LOG!H4:H503,"FALSIFIED"))*100,1)&"%") -> — | E8: CONFIRMED+PARTIAL / (CONFIRMED+PARTIAL+FALSIFIED) for Prediction 3 rows
A9: Overall accuracy (all P, all checkpoints) | B9: =IF((COUNTIF(VERIFICATION_LOG!H4:H503,"CONFIRMED")+COUNTIF(VERIFICATION_LOG!H4:H503,"PARTIAL")+COUNTIF(VERIFICATION_LOG!H4:H503,"FALSIFIED"))=0,"—",ROUND((COUNTIF(VERIFICATION_LOG!H4:H503,"CONFIRMED")+COUNTIF(VERIFICATION_LOG!H4:H503,"PARTIAL"))/(COUNTIF(VERIFICATION_LOG!H4:H503,"CONFIRMED")+COUNTIF(VERIFICATION_LOG!H4:H503,"PARTIAL")+COUNTIF(VERIFICATION_LOG!H4:H503,"FALSIFIED"))*100,1)&"%") -> 100% | E9: Overall: (CONFIRMED+PARTIAL) / (CONFIRMED+PARTIAL+FALSIFIED) — primary institutional exhibit figure
A10: Average Prediction 2 error (months) | B10: Manual entry required | E10: Avg P2 error: compute from CALIBRATION_LOG col F (Error = actual-predicted). Requires numeric Actual TR entry in CALIBRATION_LOG — not formula-derivable from free-text VERIFICATION_LOG col J.
A11: PM calibration status | B11: Manual entry required | E11: PM calibration status: manually note which function-transition pairs have N>=5 calibrated cases. Read from CALIBRATION_LOG STATUS TABLE.
A12: ACCURACY BY DOMINANT FUNCTION | Prediction 2 (transition rate) only
A13: Dom. Function | B13: N sealed | C13: N verified | D13: N confirmed | E13: N partial | F13: N falsified | G13: CB accuracy % (confirmed/verified) | H13: Notes
A14: Ni1 | B14: =COUNTIF(SEALED_PREDICTIONS!D4:D1000,"Ni1") -> 1 | C14: =COUNTIFS(VERIFICATION_LOG!B4:B503,"Ni1",VERIFICATION_LOG!H4:H503,"CONFIRMED")+COUNTIFS(VERIFICATION_LOG!B4:B503,"Ni1",VERIFICATION_LOG!H4:H503,"PARTIAL")+COUNTIFS(VERIFICATION_LOG!B4:B503,"Ni1",VERIFICATION_LOG!H4:H503,"FALSIFIED") -> 1 | D14: =COUNTIFS(VERIFICATION_LOG!B4:B503,"Ni1",VERIFICATION_LOG!H4:H503,"CONFIRMED") -> 1 | E14: =COUNTIFS(VERIFICATION_LOG!B4:B503,"Ni1",VERIFICATION_LOG!H4:H503,"PARTIAL") -> 0 | F14: =COUNTIFS(VERIFICATION_LOG!B4:B503,"Ni1",VERIFICATION_LOG!H4:H503,"FALSIFIED") -> 0 | G14: =IF(C14=0,"—",ROUND(D14/C14*100,1)&"%") -> 100% | H14: Update after each checkpoint
A15: Te1 | B15: =COUNTIF(SEALED_PREDICTIONS!D4:D1000,"Te1") -> 0 | C15: =COUNTIFS(VERIFICATION_LOG!B4:B503,"Te1",VERIFICATION_LOG!H4:H503,"CONFIRMED")+COUNTIFS(VERIFICATION_LOG!B4:B503,"Te1",VERIFICATION_LOG!H4:H503,"PARTIAL")+COUNTIFS(VERIFICATION_LOG!B4:B503,"Te1",VERIFICATION_LOG!H4:H503,"FALSIFIED") -> 0 | D15: =COUNTIFS(VERIFICATION_LOG!B4:B503,"Te1",VERIFICATION_LOG!H4:H503,"CONFIRMED") -> 0 | E15: =COUNTIFS(VERIFICATION_LOG!B4:B503,"Te1",VERIFICATION_LOG!H4:H503,"PARTIAL") -> 0 | F15: =COUNTIFS(VERIFICATION_LOG!B4:B503,"Te1",VERIFICATION_LOG!H4:H503,"FALSIFIED") -> 0 | G15: =IF(C15=0,"—",ROUND(D15/C15*100,1)&"%") -> — | H15: Update after each checkpoint
A16: Ti1 | B16: =COUNTIF(SEALED_PREDICTIONS!D4:D1000,"Ti1") -> 0 | C16: =COUNTIFS(VERIFICATION_LOG!B4:B503,"Ti1",VERIFICATION_LOG!H4:H503,"CONFIRMED")+COUNTIFS(VERIFICATION_LOG!B4:B503,"Ti1",VERIFICATION_LOG!H4:H503,"PARTIAL")+COUNTIFS(VERIFICATION_LOG!B4:B503,"Ti1",VERIFICATION_LOG!H4:H503,"FALSIFIED") -> 0 | D16: =COUNTIFS(VERIFICATION_LOG!B4:B503,"Ti1",VERIFICATION_LOG!H4:H503,"CONFIRMED") -> 0 | E16: =COUNTIFS(VERIFICATION_LOG!B4:B503,"Ti1",VERIFICATION_LOG!H4:H503,"PARTIAL") -> 0 | F16: =COUNTIFS(VERIFICATION_LOG!B4:B503,"Ti1",VERIFICATION_LOG!H4:H503,"FALSIFIED") -> 0 | G16: =IF(C16=0,"—",ROUND(D16/C16*100,1)&"%") -> — | H16: Update after each checkpoint
A17: Ne1 | B17: =COUNTIF(SEALED_PREDICTIONS!D4:D1000,"Ne1") -> 0 | C17: =COUNTIFS(VERIFICATION_LOG!B4:B503,"Ne1",VERIFICATION_LOG!H4:H503,"CONFIRMED")+COUNTIFS(VERIFICATION_LOG!B4:B503,"Ne1",VERIFICATION_LOG!H4:H503,"PARTIAL")+COUNTIFS(VERIFICATION_LOG!B4:B503,"Ne1",VERIFICATION_LOG!H4:H503,"FALSIFIED") -> 0 | D17: =COUNTIFS(VERIFICATION_LOG!B4:B503,"Ne1",VERIFICATION_LOG!H4:H503,"CONFIRMED") -> 0 | E17: =COUNTIFS(VERIFICATION_LOG!B4:B503,"Ne1",VERIFICATION_LOG!H4:H503,"PARTIAL") -> 0 | F17: =COUNTIFS(VERIFICATION_LOG!B4:B503,"Ne1",VERIFICATION_LOG!H4:H503,"FALSIFIED") -> 0 | G17: =IF(C17=0,"—",ROUND(D17/C17*100,1)&"%") -> — | H17: Update after each checkpoint
A18: Fe1 | B18: =COUNTIF(SEALED_PREDICTIONS!D4:D1000,"Fe1") -> 0 | C18: =COUNTIFS(VERIFICATION_LOG!B4:B503,"Fe1",VERIFICATION_LOG!H4:H503,"CONFIRMED")+COUNTIFS(VERIFICATION_LOG!B4:B503,"Fe1",VERIFICATION_LOG!H4:H503,"PARTIAL")+COUNTIFS(VERIFICATION_LOG!B4:B503,"Fe1",VERIFICATION_LOG!H4:H503,"FALSIFIED") -> 0 | D18: =COUNTIFS(VERIFICATION_LOG!B4:B503,"Fe1",VERIFICATION_LOG!H4:H503,"CONFIRMED") -> 0 | E18: =COUNTIFS(VERIFICATION_LOG!B4:B503,"Fe1",VERIFICATION_LOG!H4:H503,"PARTIAL") -> 0 | F18: =COUNTIFS(VERIFICATION_LOG!B4:B503,"Fe1",VERIFICATION_LOG!H4:H503,"FALSIFIED") -> 0 | G18: =IF(C18=0,"—",ROUND(D18/C18*100,1)&"%") -> — | H18: Update after each checkpoint
A19: Se1 | B19: =COUNTIF(SEALED_PREDICTIONS!D4:D1000,"Se1") -> 0 | C19: =COUNTIFS(VERIFICATION_LOG!B4:B503,"Se1",VERIFICATION_LOG!H4:H503,"CONFIRMED")+COUNTIFS(VERIFICATION_LOG!B4:B503,"Se1",VERIFICATION_LOG!H4:H503,"PARTIAL")+COUNTIFS(VERIFICATION_LOG!B4:B503,"Se1",VERIFICATION_LOG!H4:H503,"FALSIFIED") -> 0 | D19: =COUNTIFS(VERIFICATION_LOG!B4:B503,"Se1",VERIFICATION_LOG!H4:H503,"CONFIRMED") -> 0 | E19: =COUNTIFS(VERIFICATION_LOG!B4:B503,"Se1",VERIFICATION_LOG!H4:H503,"PARTIAL") -> 0 | F19: =COUNTIFS(VERIFICATION_LOG!B4:B503,"Se1",VERIFICATION_LOG!H4:H503,"FALSIFIED") -> 0 | G19: =IF(C19=0,"—",ROUND(D19/C19*100,1)&"%") -> — | H19: Update after each checkpoint
A20: Si1 | B20: =COUNTIF(SEALED_PREDICTIONS!D4:D1000,"Si1") -> 0 | C20: =COUNTIFS(VERIFICATION_LOG!B4:B503,"Si1",VERIFICATION_LOG!H4:H503,"CONFIRMED")+COUNTIFS(VERIFICATION_LOG!B4:B503,"Si1",VERIFICATION_LOG!H4:H503,"PARTIAL")+COUNTIFS(VERIFICATION_LOG!B4:B503,"Si1",VERIFICATION_LOG!H4:H503,"FALSIFIED") -> 0 | D20: =COUNTIFS(VERIFICATION_LOG!B4:B503,"Si1",VERIFICATION_LOG!H4:H503,"CONFIRMED") -> 0 | E20: =COUNTIFS(VERIFICATION_LOG!B4:B503,"Si1",VERIFICATION_LOG!H4:H503,"PARTIAL") -> 0 | F20: =COUNTIFS(VERIFICATION_LOG!B4:B503,"Si1",VERIFICATION_LOG!H4:H503,"FALSIFIED") -> 0 | G20: =IF(C20=0,"—",ROUND(D20/C20*100,1)&"%") -> — | H20: Update after each checkpoint
A21: Fi1 | B21: =COUNTIF(SEALED_PREDICTIONS!D4:D1000,"Fi1") -> 0 | C21: =COUNTIFS(VERIFICATION_LOG!B4:B503,"Fi1",VERIFICATION_LOG!H4:H503,"CONFIRMED")+COUNTIFS(VERIFICATION_LOG!B4:B503,"Fi1",VERIFICATION_LOG!H4:H503,"PARTIAL")+COUNTIFS(VERIFICATION_LOG!B4:B503,"Fi1",VERIFICATION_LOG!H4:H503,"FALSIFIED") -> 0 | D21: =COUNTIFS(VERIFICATION_LOG!B4:B503,"Fi1",VERIFICATION_LOG!H4:H503,"CONFIRMED") -> 0 | E21: =COUNTIFS(VERIFICATION_LOG!B4:B503,"Fi1",VERIFICATION_LOG!H4:H503,"PARTIAL") -> 0 | F21: =COUNTIFS(VERIFICATION_LOG!B4:B503,"Fi1",VERIFICATION_LOG!H4:H503,"FALSIFIED") -> 0 | G21: =IF(C21=0,"—",ROUND(D21/C21*100,1)&"%") -> — | H21: Update after each checkpoint
A22: SEALED PREDICTION SHOWCASE | For institutional client and investor presentations
A23: The following section is the client-facing credibility exhibit. Shows: deal pair, prediction made, date sealed, date verified, outcome. Anonymise deal ID for public/investor use. Never show client-identifying information externally.
A24: Deal ref (anonymised) | B24: ECS pair | C24: Prediction 2 (transition rate) | D24: Date sealed | E24: Checkpoint | F24: Actual outcome | G24: Outcome code | H24: Credibility note
A25: DEAL-A | B25: NT/STJ x SFJ/SFP | C25: Transition NATURAL->FUNC in 13.5-22.5 months (central: 18) | D25: 2026-04-20 | E25: Month 6 | F25: Signal confirmed week 8. Transition on track for predicted window. | G25: CONFIRMED | H25: Sealed before delivery. Verified independently at Month 6.
A26: [Add verified cases here for institutional presentation. One row per verified prediction.]

Sheet AGENT_READ_INSTRUCTIONS
A1: AGENT READ INSTRUCTIONS | Step 15.5 sealing protocol + verification and calibration workflow
A2: When to use this file | B2: Step 15.5 — after CLIENT_OUTPUT is assembled in ST_Step3_Enhanced_Output_v1.xlsx and BEFORE delivering to the client. Also used at Month 6 and Month 12 post-close verification checkpoints. Also used after N>=5 verified cases to trigger calibration updates.
A3: Step 15.5 — Seal (before delivery) | B3: 1. Open ST_Transition_Rate_Engine_v1.xlsx PREDICTION_REGISTER. Confirm all 10 columns of the deal row are complete. 2. Copy the row (values only — not formulas). 3. Open SEALED_PREDICTIONS sheet of this file. Append the row to the next empty row. 4. Return to ST_Transition_Rate_Engine_v1.xlsx PREDICTION_REGISTER. Enter timestamp in col I. Set col J = SEALED. 5. Only after status = SEALED: deliver CLIENT_OUTPUT to client.
A4: Month 6 verification — Prediction 1 (first signal) | B4: Contact client or review available data: was the predicted signal code observed in the predicted context within the predicted week window? Open VERIFICATION_LOG. Add one row: Deal ID, Ni1 (or relevant function), ECS pair, Month 6, Prediction 1. Enter actual outcome in plain language. Select outcome code from dropdown: CONFIRMED / PARTIAL / FALSIFIED / INSUFFICIENT_DATA.
A5: Month 6 verification — Prediction 2 (transition rate) | B5: Has a category transition been observed? If yes: enter actual months elapsed in Actual TR column. If no and prediction window has not yet been reached: enter PENDING. If no and prediction window has passed: enter FALSIFIED and document actual state.
A6: Month 12 verification — Prediction 3 (departure window) | B6: Have key personnel departures occurred in the predicted window? Count senior departures (VP level and above). Enter outcome in VERIFICATION_LOG. If CONFIRMED or PARTIAL: add a row to CALIBRATION_LOG for Prediction 2.
A7: Calibration update (when N=5) | B7: Filter CALIBRATION_LOG for the relevant Dom.Function + Transition category. Compute average of Actual TR column (excluding PENDING rows). Open ST_Transition_Rate_Engine_v1.xlsx BASE_RATES. Replace the yellow prior value with the computed average. Change cell background to green. Return to CALIBRATION_LOG: update N_confirmed counter in STATUS TABLE. Enter YES in Update_Applied column. Update ACCURACY_DASHBOARD function row with new N counts.
A8: Calibration update (when N=10) | B8: All N=5 actions plus: open ST_Transition_Rate_Engine_v1.xlsx CALC_OUTPUT. For each actor row where Dom.Function matches the calibrated function: change CB Lower coefficient from 0.75 to 0.85 and CB Upper from 1.25 to 1.15 in the formula. Document the update in CALIBRATION_LOG with date and contributing deal IDs.
A9: Updating ACCURACY_DASHBOARD | B9: After every verification round: manually update the per-function accuracy table. Increment N_verified, N_confirmed, N_partial, or N_falsified as appropriate. The CB_accuracy % formula auto-calculates. Update overall stats section with aggregate figures. This sheet is the primary exhibit for institutional client credibility — keep it current.
A10: Immutability enforcement | B10: If an error is found in a sealed prediction row: do not delete or modify the row. Add a correction note in the rightmost column of the SEALED_PREDICTIONS row. Document in VERIFICATION_LOG with outcome = FALSIFIED and note: 'prediction contained error — see note'. The integrity of the ledger requires that all errors are visible and documented, not hidden.
A11: DO NOT | B11: Do not modify SEALED_PREDICTIONS rows after Status = SEALED. Do not paste formulas into SEALED_PREDICTIONS — values only. Do not deliver Step 3 output without first creating a SEALED_PREDICTIONS entry. Do not update BASE_RATES before N=5 threshold is reached. Do not show client-identifying information in ACCURACY_DASHBOARD when sharing externally.
A12: Sealing authority | B12: A sealed prediction may be created only by the engagement's Lead Analyst with co-sign by the Senior Partner per ST_Analyst_Methodology.xlsx §9. No other role may create or modify a SEALED row. Both signatures required in Section 19 of the engagement report before the SEALED_PREDICTIONS row is added.
A13: Post-seal information handling | B13: New information that emerges post-seal does NOT modify the SEALED_PREDICTIONS row. Append to a separate POST_SEAL_INFORMATION_LOG (Phase 4 work item) recording: deal ID, information date, source, content, would-have-changed-prediction assessment, decision (re-issue as new sealed row / annotate / no action). Original sealed prediction stays immutable.
... A18: Audit trail recording | B18: Every action (seal, verify, mark partial, mark falsified, calibration update, quote approval) recorded in PROVENANCE sheet with action timestamp, actor name+role, action type, deal ID, justification.

Sheet Eli_Lilly_Ventyx_Canonical
A1: CANONICAL SEALED PREDICTION · Eli Lilly / Ventyx Biosciences · v3.1 · Credibility Anchor
A2: Per project documented designation: this is the canonical sealed prediction for the Structural Typology methodology. The acquisition of Ventyx Biosciences by Eli Lilly is the forward-verifiable claim that anchors the methodology's credibility across all revenue paths. Status: ACTION PENDING — sealed prediction issued, not yet publicly distributed pending senior partner sign-off.
A4: PREDICTION SUMMARY
A5: Field | B5: Value
A6: Acquirer | B6: Eli Lilly and Company
A7: Target | B7: Ventyx Biosciences
A8: Acquirer signal pattern | B8: NT/STJ (Performance Arena) — pharmaceutical-research-development authority on argument quality + structured accountability
A9: Target signal pattern | B9: NT/STP (Disruption Lab) — biotech experimental authority on empirical test results
A10: Pair classification | B10: NT/STJ × NT/STP — high-compatibility pair per ST_ECS_v2_canonical.xlsx (typically ECS 75-85 range based on prior NT/STJ × NT/STP pairs)
A11: Base ECS | B11: 38
A12: Predicted ECS delta over verification window | B12: +19 (delta to ECS 57)
A13: Predicted Months 6-18 failure probability | B13: medium-low (consistent with NT/STJ × NT/STP MODERATE-LOW band when integration protocol is selective rather than full integration)
A14: Verification window | B14: 18 months from close
A15: Verification metric (primary) | B15: Key-person retention in Ventyx scientific leadership team
A16: Verification metric (secondary) | B16: NT/STP empirical-test cycle preservation post-close (decision authority for pipeline experiments)
... A19: Mathematical audit status | B19: PENDING — F×A formulas require independent senior data analyst audit per Investment Memorandum Appendix C
A21: EVIDENCE-CONFIDENCE STAMP AT SEAL TIME (per v3.1 brief)
A22: When this prediction is sealed, the following evidence-confidence stamp values must be recorded in SEALED_PREDICTIONS columns 11-15: · confidence_at_seal: TBD — pending Layer 3 analyst review per ST_Analyst_Methodology.xlsx §3 Gate 3 · evidence_quality_at_seal: TBD — % direct-observation share of supporting answers · reliability_flag_rate_at_seal: TBD — % of supporting answers with any reliability flag raised · confidence_gate_verdict_at_seal: TBD — must be 5/5 or 4/5 for premium-tier sealed prediction · contradiction_count_at_seal: TBD — count of open (unresolved + non-escalated) Contradiction records
A24: WHY THIS PREDICTION MATTERS
A25: The methodology's commercial credibility hinges on a sealed, public, forward-verified prediction. The answer to the question "who audited your formulas?" cannot be "Claude" — it must be "the predictions themselves, verified against actual deal outcomes." Each correct prediction strengthens the methodology; each falsified prediction is itself diagnostic information about which assumptions need revision. This is what distinguishes Structural Typology from competing frameworks that produce unfalsifiable analyses.
A27: OUTSTANDING WORK BEFORE PUBLIC DISTRIBUTION
A28: Step | B28: Action | C28: Owner | D28: Status
A29: 1 | B29: Complete Layer 3 analyst review per ST_Analyst_Methodology.xlsx §3 Gate 3 | C29: Lead analyst | D29: PENDING
A30: 2 | B30: Capture evidence-confidence stamp values for SEALED_PREDICTIONS cols 11-15 | C30: Lead analyst | D30: PENDING
A31: 3 | B31: Senior partner sign-off per ST_Analyst_Methodology.xlsx §9 | C31: Senior partner | D31: PENDING
A32: 4 | B32: Mathematical audit of F×A formulas by independent senior data analyst | C32: External auditor | D32: PENDING
A33: 5 | B33: Register prediction row in SEALED_PREDICTIONS sheet (this file) | C33: Lead analyst | D33: PENDING
A34: 6 | B34: Public distribution: deal-pair anonymised in ACCURACY_DASHBOARD showcase | C34: Marketing + Lead analyst | D34: BLOCKED on items 1-5
A35: 7 | B35: Verification at Month 6 (FP1 frictions, leadership stability) | C35: Lead analyst | D35: BLOCKED — verification window not yet started
A36: 8 | B36: Verification at Month 12 (FP2 frictions, mid-cycle observations) | C36: Lead analyst | D36: BLOCKED
A37: 9 | B37: Verification at Month 18 (FP3 departure window, sealed prediction outcome) | C37: Lead analyst | D37: BLOCKED

Sheet Schema_Methodology_Dependencies
A1: SCHEMA AND METHODOLOGY DEPENDENCIES · v3.1
A2: This file declares its dependencies on canonical schema and analyst methodology. Per consistent v3.1 practice, the prediction ledger inherits structure from these governing files rather than defining its own.
A4: INHERITED RULES
A5: Source File | B5: Sheet / Section | C5: Inherited Rule | D5: Application in this file
A6: ST_Canonical_Schema.xlsx | B6: sheet 12_RiskOutput_Record | C6: months_6_18_failureProbability field is the dedicated forward-looking output | D6: Prediction 2 (transition rate) and Prediction 3 (departure window) operationalise this — the sealed prediction is the months_6_18_failureProbability assignment with locked confidence stamp.
A7: ST_Canonical_Schema.xlsx | B7: sheet 15_ConfidenceGate | C7: 5 gate conditions: direct-observation share, triangulation, documentary corroboration, reliability flag rate, role coverage | D7: SEALED_PREDICTIONS columns 12 (evidence_quality_at_seal) and 13 (reliability_flag_rate_at_seal) capture two of the five gate conditions at seal time. Column 14 (confidence_gate_verdict_at_seal) records the composite 5/5, 4/5, etc. verdict.
A8: ST_Analyst_Methodology.xlsx | B8: §3 Gate 3 Confidence Gate | C8: High requires all 5 conditions met; medium requires 3-4 | D8: SEALED_PREDICTIONS column 11 (confidence_at_seal) records the verdict. Premium-tier sealed predictions require 5/5 or 4/5 verdict — captured in column 14.
A9: ST_Analyst_Methodology.xlsx | B9: §9 Senior_Sign_Off | C9: Sealed predictions require senior partner review of full chain (respondent answers + documentary evidence + contradictions + Analyst Assessments + Risk Outputs + ECS computation) | D9: AGENT_READ_INSTRUCTIONS row 11 (DO NOT) inherits this rule: "Do not deliver Step 3 output without sealed prediction." v3.1: this file augments with explicit senior partner sign-off requirement before SEALED_PREDICTIONS row is added.
A10: ST_Analyst_Methodology.xlsx | B10: §5 Contradiction_Triage | C10: Contradiction records are first-class diagnostic objects | D10: SEALED_PREDICTIONS column 15 (contradiction_count_at_seal) captures count of open Contradiction records at seal time. A sealed prediction issued with high contradiction count is structurally less reliable — captured for future calibration.
A11: ST_B_Single_Output_Template_v1.xlsx | B11: Section 19 Audit & Sealed Prediction Lock | C11: Final report Section 19 includes sealed prediction lock fields | D11: When a 19-section report includes a sealed prediction, the prediction is registered in this file (SEALED_PREDICTIONS) with its evidence-confidence stamp. The two files are paired: Section 19 records the prediction in client-facing form; this ledger records it in append-only audit form.
A12: ST_Friction_Point_Lookup_updated.xlsx | B12: Friction_Lookup sheet | C12: FP1/FP2/FP3 timeline + risk-category tags per pair | D12: VERIFICATION_LOG checkpoints align with FP1 (Month 6 — Days 30-60 retrospective), FP2 (Month 12), FP3 (Month 18 — departure trigger window).
A13: ST_ECS_v2_canonical.xlsx | B13: ECS Matrix | C13: ECS scores per directed pair (canonical version) | D13: SEALED_PREDICTIONS column 2 (ECS Pair) sourced from this matrix. Predicted delta is delta against the locked baseline.
A14: ST_Transition_Rate_Engine_v1.xlsx | B14: PREDICTION_REGISTER | C14: Predictions copied to this ledger at seal time | D14: PROVENANCE row 9 inherits this rule unchanged. v3.1 addition: the evidence-confidence stamp must also be copied at seal time, not derived later.
A15: ST_Step3_Enhanced_Output_v1.xlsx | B15: CLIENT_OUTPUT | C15: Step 15.5 sealing trigger | D15: AGENT_READ_INSTRUCTIONS row 2 inherits this rule. v3.1: Step 15.5 also captures evidence-confidence stamp before sealing.

Sheet v3_1_Build_Notes
A1: v3.1 BUILD NOTES · Source v1.0 → v3.1 changes
A2: This file is the v3.1 additive rebuild of ST_Prediction_Ledger_v1.xlsx. Additive (not wholesale) because the source v1.0 architecture is excellent: 6 sheets, 54 dashboard formulas, clear immutability protocol, agent read instructions. v3.1 work extends the schema per Phase 3 brief: "each prediction carries the evidence-confidence stamp at issue time".
A4: Item | B4: Action | C4: Scope | D4: Notes
A5: 1. Evidence-confidence stamp added to SEALED_PREDICTIONS (brief headline) | B5: EXTENDED in v3.1 | C5: SEALED_PREDICTIONS sheet, columns 11-15 | D5: Per Phase 3 brief: "extend schema so each prediction carries the evidence-confidence stamp at issue time". 5 new columns: confidence_at_seal (high/medium/low/cannot_determine per Confidence Gate); evidence_quality_at_seal (% direct-observation share); reliability_flag_rate_at_seal (% of answers with flag); confidence_gate_verdict_at_seal (5/5, 4/5, 3/5, 2/5, 1/5, 0/5); contradiction_count_at_seal (open Contradiction records). These fields are append-only — copied at seal time, never modified.
A6: 2. Confidence-stamp recall added to VERIFICATION_LOG | B6: EXTENDED in v3.1 | C6: VERIFICATION_LOG sheet, column 14 | D6: New column 14: confidence_at_seal recalled from SEALED_PREDICTIONS col 11. Enables the calibration analysis "do high-confidence predictions verify better than low-confidence predictions?" If they do not — Confidence Gate criteria need recalibration. This is the methodology's self-correction mechanism.
A7: 3. Eli Lilly / Ventyx canonical sealed prediction documented | B7: NEW SHEET in v3.1 | C7: Eli_Lilly_Ventyx_Canonical sheet | D7: Per project documented designation: this is the canonical sealed prediction. Status PENDING. Sheet documents pair classification (NT/STJ × NT/STP), base ECS (38), predicted delta (+19 to 57), verification window (18 months), outstanding work before public distribution.
A8: 4. Schema and methodology dependencies declared | B8: NEW SHEET in v3.1 | C8: Schema_Methodology_Dependencies sheet | D8: Source v1.0 had 0 references to ST_Canonical_Schema or ST_Analyst_Methodology. v3.1 declares inheritance from 8 corpus files (Canonical Schema, Analyst Methodology, B_Single Output Template, Friction Point Lookup, ECS v2 canonical, Transition Rate Engine, Step3 Enhanced Output) with 10 specific rules cited.
A9: 5. PROVENANCE preserved | B9: PRESERVED | C9: PROVENANCE sheet | D9: Source provenance metadata correct and well-documented. No modification. v3.1 internal version label noted in build notes.
A10: 6. CALIBRATION_LOG preserved | B10: PRESERVED | C10: CALIBRATION_LOG sheet | D10: Calibration architecture (running averages per dominant function, N=5 update trigger, N=10 deepening trigger) is well-built. No modification. v3.1 NOTE: when calibration analysis is run, the new confidence_at_seal data permits stratified calibration (calibrate Confidence Gate criteria separately from transition-rate accuracy).
A11: 7. ACCURACY_DASHBOARD preserved (54 formulas intact) | B11: PRESERVED | C11: ACCURACY_DASHBOARD sheet | D11: Source dashboard with 54 COUNTIF / COUNTIFS / IF formulas preserved verbatim. No modification — the formulas auto-aggregate from VERIFICATION_LOG. v3.1 future extension: stratified accuracy by confidence_at_seal (additional formulas computing accuracy per confidence-tier).
A12: 8. AGENT_READ_INSTRUCTIONS preserved | B12: PRESERVED | C12: AGENT_READ_INSTRUCTIONS sheet | D12: Source instructions correct. No modification. v3.1 NOTE: agent read instructions should be amended in future Phase 4+ work to add explicit step "capture evidence-confidence stamp before sealing" — but this is documentation expansion, not architectural change. Deferred to keep this rebuild additive.
A13: 9. SEALED_PREDICTIONS title updated for v3.1 | B13: UPDATED in v3.1 | C13: SEALED_PREDICTIONS row 1 | D13: Source title preserved with v3.1 extension note appended. Immutability rule (row 2) extended with explicit instruction to capture evidence-confidence stamp at seal time.
A14: 10. VERIFICATION_LOG title updated for v3.1 | B14: UPDATED in v3.1 | C14: VERIFICATION_LOG row 1 | D14: Source title preserved with v3.1 column 14 note appended. Instructions (row 2) extended with calibration-analysis purpose statement.
A15: 11. NO premature environment-label terminology | B15: CLEAN | C15: Throughout | D15: Source v1.0 had 0 occurrences of "LOCK the environment", "Primary observed environment", or related forbidden phrases. Already aligned with v3.1 architecture.
... A19: PATCH-2026-05-06 | B19: EXTENDED | C19: AGENT_READ_INSTRUCTIONS — 7 new operational rules | D19: Per agent review claim 11: explicit rules for sealing authority, post-seal information, partial confirmation scoring, falsification recording, marketing-quote permissions, anonymized case study client approval, audit trail recording.
